Date,Open,High,Low,Close,Adj Close,Volume,3_days_before_change
2021-05-04,39.459999,39.555,37.799999,39.369999,39.369999,1222700,0.9151557182705717
2021-05-03,42.439999,42.439999,39.84,40.310001,40.310001,943600,0.9052324703622833
2021-04-30,42.459999,43.810001,42.130001,42.459999,42.459999,1789900,0.9469223684210526
2021-04-29,45.009998,45.049999,42.091,43.02,43.02,1117400,0.954938977912075
2021-04-28,44.310001,44.950001,43.509998,44.529999,44.529999,992800,1.0532166521574422
2021-04-27,45.099998,45.639999,43.400002,44.84,44.84,1105500,1.0917944971999027
2021-04-26,42.5,45.549999,42.5,45.049999,45.049999,1248400,1.1096059413598987
2021-04-23,41.459999,42.360001,41.18,42.279999,42.279999,574800,1.0725520331076628
2021-04-22,40.84,42.259998,40.41,41.07,41.07,805700,1.008843060890274
2021-04-21,38.98,40.68,38.560001,40.599998,40.599998,742800,0.9602648760705979
2021-04-20,40.610001,41.540001,38.93,39.419998,39.419998,952700,0.9053743016680226
2021-04-19,41.43,42.839001,40.009998,40.709999,40.709999,951200,0.9692856904761905
2021-04-16,43.509998,43.509998,41.32,42.279999,42.279999,833200,0.9805194800677058
2021-04-15,42.849998,44.099998,41.91,43.540001,43.540001,1152300,1.0421254677387617
2021-04-14,43.419998,44.970001,41.619999,42.0,42.0,1313300,0.9988109631108434
2021-04-13,42.209999,43.43,41.990002,43.119999,43.119999,1421500,1.0095996256052358
2021-04-12,41.549999,42.240002,40.880001,41.779999,41.779999,791900,0.9898128403177644
2021-04-09,42.459999,42.549999,40.740002,42.049999,42.049999,1048200,0.9959734250124721
2021-04-08,42.630001,43.419998,41.93,42.709999,42.709999,831200,1.0279181715503773
2021-04-07,42.450001,42.759998,41.582001,42.209999,42.209999,947800,1.0252611379772232
2021-04-06,41.23,42.950001,40.849998,42.220001,42.220001,1819400,1.0494655978125778
2021-04-05,41.630001,42.419998,40.650002,41.549999,41.549999,1033000,1.100953810230323
2021-04-01,41.900002,42.5,40.700001,41.169998,41.169998,1450300,1.1088068109666898
2021-03-31,38.880001,41.310001,38.799999,40.23,40.23,1747100,1.0457499078307795
2021-03-30,36.529999,38.529999,35.310001,37.740002,37.740002,1543000,0.9620189140963549
2021-03-29,39.5,39.509998,36.130001,37.130001,37.130001,1979900,0.9634146350956245
2021-03-26,39.130001,40.32,37.080002,38.470001,38.470001,1496900,0.9236494394406032
2021-03-25,37.360001,39.57,36.720001,39.23,39.23,1388200,0.9298412166352503
2021-03-24,41.869999,42.0,38.299999,38.540001,38.540001,1134300,0.9358912336085478
2021-03-23,42.009998,42.674999,40.911999,41.650002,41.650002,1097000,1.108892462489551
2021-03-22,41.57,42.889999,40.880001,42.189999,42.189999,1509000,1.0328029636623237
2021-03-19,38.040001,41.59,37.68,41.18,41.18,2406000,1.0051256771997636
2021-03-18,37.5,39.310001,36.75,37.560001,37.560001,3925100,0.887943307043577
2021-03-17,39.450001,41.889999,38.52,40.849998,40.849998,1848900,0.9670927098914437
2021-03-16,42.990002,43.77,40.130001,40.970001,40.970001,1464100,0.9834373739798369
2021-03-15,42.849998,43.169998,41.77,42.299999,42.299999,981200,1.118160104776098
2021-03-12,40.73,42.41,39.849998,42.240002,42.240002,1734500,1.130318521014678
2021-03-11,39.93,41.939999,39.279999,41.66,41.66,2300100,1.2224177686374549
2021-03-10,38.720001,39.450001,36.880001,37.830002,37.830002,2045000,1.0061171279849537
2021-03-09,36.0,38.02,36.0,37.369999,37.369999,2114500,0.9795543129984633
2021-03-08,37.470001,38.34,33.68,34.080002,34.080002,2393900,0.814726281868215
2021-03-05,38.360001,38.360001,33.669998,37.599998,37.599998,2968200,0.8063477845518382
2021-03-04,41.259998,42.290001,36.389999,38.150002,38.150002,2639300,0.809978845434346
2021-03-03,46.450001,47.080002,41.189999,41.830002,41.830002,2046500,0.9349575353170526
2021-03-02,47.52,47.990002,46.209999,46.630001,46.630001,1144100,1.054977374321779
2021-03-01,45.610001,47.75,45.380001,47.099998,47.099998,1159500,0.9853556273086951
2021-02-26,44.540001,46.470001,43.130001,44.740002,44.740002,1369600,0.9338343143393864
2021-02-25,47.439999,48.740002,43.060001,44.200001,44.200001,1777900,0.9113402268041237
2021-02-24,47.860001,47.950001,45.27,47.799999,47.799999,1352500,0.9187007480050116
2021-02-23,45.330002,48.07,41.865002,47.91,47.91,2242200,0.9281286502930772
2021-02-22,51.0,52.080002,47.900002,48.5,48.5,1215400,0.9043445663929784
2021-02-19,52.18,53.919998,51.619999,52.029999,52.029999,1794300,0.9393392298129486
2021-02-18,52.5,52.715,51.009998,51.619999,51.619999,1660800,0.9123364647459715
2021-02-17,54.279999,55.380001,52.400002,53.630001,53.630001,1202900,0.9552903803934873
2021-02-16,57.549999,58.360001,55.299999,55.389999,55.389999,974600,1.0009034875316227
2021-02-12,55.68,56.639999,54.869999,56.580002,56.580002,945000,1.0207469240483493
2021-02-11,56.59,57.360001,55.404999,56.139999,56.139999,769200,1.0008914066678551
2021-02-10,56.009998,57.110001,54.220001,55.34,55.34,1203900,1.0063647569970993
2021-02-09,56.509998,57.560001,55.400002,55.43,55.43,836300,1.0257216686580002
2021-02-08,56.360001,57.32,55.689999,56.09,56.09,1130300,1.054719819481008
2021-02-05,54.580002,55.290001,54.049999,54.990002,54.990002,665000,1.0359834198951234
2021-02-04,53.759998,54.700001,53.380001,54.040001,54.040001,870800,1.067562269213004
2021-02-03,54.0,54.57,52.25,53.18,53.18,849600,1.0913195156987483
2021-02-02,51.810001,53.830002,51.240002,53.080002,53.080002,1570400,1.0892674327929408
2021-02-01,49.599998,51.07,49.209999,50.619999,50.619999,1026400,1.0473825140747977
2021-01-29,48.540001,51.080002,47.334,48.73,48.73,1882300,1.0175402175305954
2021-01-28,47.98,49.279999,47.550999,48.73,48.73,1195400,1.0141519461842237
2021-01-27,47.0,50.720001,45.200001,48.330002,48.330002,1886900,0.9889503374043449
2021-01-26,47.939999,48.66,47.709999,47.889999,47.889999,773500,0.9900764934892805
2021-01-25,49.990002,50.099998,47.330002,48.049999,48.049999,882000,0.972081711511228
2021-01-22,47.91,48.990002,47.759998,48.869999,48.869999,597900,1.013900373155594
2021-01-21,49.91,50.119999,47.689999,48.369999,48.369999,862900,1.0616768643178915
2021-01-20,49.709999,50.259998,48.630001,49.43,49.43,1447300,1.051254785197788
2021-01-19,46.0,49.66,46.0,48.200001,48.200001,1956400,1.0619079546575887
2021-01-15,47.18,48.549999,45.470001,45.560001,45.560001,1312400,1.0146993089220797
2021-01-14,45.740002,47.431999,45.560001,47.02,47.02,1034600,1.0705829267114266
2021-01-13,45.200001,46.259998,44.98,45.389999,45.389999,648500,1.0195417565139264
2021-01-12,43.740002,45.150002,43.619999,44.900002,44.900002,767900,1.068793242979921
2021-01-11,43.400002,44.610001,42.869999,43.919998,43.919998,1586600,1.101303833969312
2021-01-08,42.470001,45.25,42.450001,44.52,44.52,2010600,1.075362266890712
2021-01-07,40.459999,42.18,40.450001,42.009998,42.009998,1047900,1.019165380418113
2021-01-06,40.799999,42.310001,39.419998,39.880001,39.880001,2611300,0.956354917113791
2021-01-05,41.23,41.990002,40.849998,41.400002,41.400002,696900,0.9657103560930804
2021-01-04,42.529999,42.564999,39.880001,41.220001,41.220001,1413800,0.9519630935788245
2020-12-31,42.91,42.990002,41.5,41.700001,41.700001,1117200,0.9430122129576614
2020-12-30,43.919998,44.48,42.650002,42.869999,42.869999,1096100,0.9307424678518786
2020-12-29,44.419998,45.25,42.59,43.299999,43.299999,1182000,0.9364186229922742
2020-12-28,46.990002,46.990002,43.709999,44.220001,44.220001,1342100,0.947706836690956
2020-12-24,46.16,47.950001,45.650002,46.060001,46.060001,457700,1.0231008662816525
2020-12-23,46.740002,47.220001,45.639999,46.240002,46.240002,1068500,1.0227826370887554
2020-12-22,45.400002,48.290001,45.07,46.66,46.66,1901400,1.0382732763300684
2020-12-21,44.25,45.799999,44.189999,45.02,45.02,1710500,0.9753032928942809
2020-12-18,44.799999,45.77,43.689999,45.209999,45.209999,1651700,1.0080267785073258
2020-12-17,46.119999,46.139999,44.529999,44.939999,44.939999,2100700,1.0172023313716614
2020-12-16,44.849998,46.563,44.779999,46.16,46.16,1437100,1.0672832369942196
2020-12-15,44.310001,45.099998,43.869999,44.849998,44.849998,1466700,1.044723922664803
2020-12-14,43.349998,44.509998,42.619999,44.18,44.18,1938500,1.0718097750652649
2020-12-11,42.880001,43.759998,42.240002,43.25,43.25,1316800,1.0543637250121891
2020-12-10,40.880001,43.200001,40.540001,42.93,42.93,1468500,1.0509180441085946
2020-12-09,41.169998,44.130001,40.77,41.220001,41.220001,2421500,1.0093046278158668
2020-12-08,40.810001,41.790001,40.220001,41.02,41.02,2265200,1.2676142995174817
2020-12-07,41.119999,43.900002,39.619999,40.849998,40.849998,4392900,1.1916569192432007
2020-12-04,39.529999,41.48,37.5,40.84,40.84,12234000,1.174238101616967
2020-12-03,34.790001,35.59,32.009998,32.360001,32.360001,3869100,0.9401511586374873
2020-12-02,34.330002,35.029999,33.549,34.279999,34.279999,1337700,1.0026323487169448
2020-12-01,34.830002,35.040001,33.869999,34.779999,34.779999,1219200,1.0555386326088425
2020-11-30,35.0,35.790001,33.450001,34.419998,34.419998,1811700,1.0555043527904218
2020-11-27,33.5,34.970001,33.369999,34.189999,34.189999,1292500,1.0802527330173777
2020-11-25,32.52,33.060001,31.77,32.950001,32.950001,1365300,1.0574454749679076
2020-11-24,31.76,33.0,31.190001,32.610001,32.610001,1440000,1.082669319964498
2020-11-23,31.299999,32.07,30.83,31.65,31.65,927700,1.075798776342624
2020-11-20,30.34,31.620001,30.1,31.16,31.16,997700,1.042838053642505
2020-11-19,29.18,30.57,29.049999,30.120001,30.120001,840200,1.0155091368846931
2020-11-18,30.120001,30.530001,29.360001,29.42,29.42,879300,0.9735274974694738
2020-11-17,29.74,30.129999,29.045,29.879999,29.879999,853000,0.9986630681818182
2020-11-16,29.969999,30.389999,29.030001,29.66,29.66,821700,0.9916415914409896
2020-11-13,30.290001,30.67,29.82,30.219999,30.219999,808700,1.07353460035524
2020-11-12,30.139999,30.669001,29.65,29.92,29.92,824600,1.027825454214172
2020-11-11,28.84,30.379999,28.502001,29.91,29.91,1129800,0.9946790821416694
2020-11-10,28.67,28.950001,26.715,28.15,28.15,1049000,0.929042934951912
2020-11-09,29.549999,30.48,29.09,29.110001,29.110001,984400,1.0121697148817803
2020-11-06,30.25,30.639999,29.469999,30.07,30.07,788500,1.1270614692653673
2020-11-05,29.73,30.67,29.67,30.299999,30.299999,981600,1.1348313807179258
2020-11-04,27.799999,29.309999,27.690001,28.76,28.76,955900,1.0612546125461255
2020-11-03,26.93,27.33,26.41,26.68,26.68,640200,0.9228640608785887
2020-11-02,27.120001,27.68,25.9,26.700001,26.700001,829900,0.9461375601040949
2020-10-30,28.33,28.434999,26.34,27.1,27.1,1735700,0.9271296613068766
2020-10-29,28.450001,29.23,28.045,28.91,28.91,927800,0.9993086761147598
2020-10-28,28.639999,28.665001,27.6,28.219999,28.219999,771000,0.9690933389734431
2020-10-27,29.33,30.15,28.77,29.23,29.23,1097200,1.0195326124869202
2020-10-26,29.0,29.690001,28.200001,28.93,28.93,959800,1.0031206657420249
2020-10-23,28.75,29.200001,27.905001,29.120001,29.120001,714400,0.9674418936877075
2020-10-22,29.0,29.139999,27.77,28.67,28.67,728700,0.9323577235772358
2020-10-21,30.280001,30.540001,28.598,28.84,28.84,814100,0.9468155268160054
2020-10-20,30.9,31.25,30.02,30.1,30.1,929800,0.9907834427512654
2020-10-19,30.83,31.219999,30.521,30.75,30.75,2193300,1.0016286318687742
2020-10-16,30.52,31.049999,30.200001,30.459999,30.459999,1760600,0.9886400515624814
2020-10-15,30.0,30.860001,29.690001,30.379999,30.379999,1122300,1.0036339279814999
2020-10-14,30.98,30.98,30.129999,30.700001,30.700001,636700,1.039268786754611
2020-10-13,30.360001,30.9,29.861,30.809999,30.809999,1288900,1.0384226154364677
2020-10-12,30.0,30.67,29.84,30.27,30.27,1260900,1.0285423037716617
2020-10-09,29.75,29.9,29.32,29.540001,29.540001,2939600,1.0419753439153439
2020-10-08,29.879999,30.24,29.43,29.67,29.67,938000,1.0547458604602153
2020-10-07,28.549999,29.73,28.41,29.43,29.43,1004600,1.0651466183549263
2020-10-06,28.17,28.950001,28.110001,28.35,28.35,1211400,1.020151096791972
2020-10-05,27.73,28.25,27.334999,28.129999,28.129999,1400500,1.037624417645724
2020-10-02,27.059999,28.040001,26.707001,27.629999,27.629999,1528300,1.0087623223352438
2020-10-01,27.469999,27.99,27.32,27.790001,27.790001,1420400,1.030022275759822
2020-09-30,27.18,27.48,26.75,27.110001,27.110001,1779800,1.0230189056603773
2020-09-29,27.16,27.59,26.791,27.389999,27.389999,1012400,1.0745389956845823
2020-09-28,26.940001,27.469999,26.59,26.98,26.98,1146700,1.0368946963873944
2020-09-25,25.67,26.549999,25.538,26.5,26.5,771100,0.9891750283995884
2020-09-24,25.35,25.99,24.92,25.49,25.49,1106200,0.9507646755227405
2020-09-23,27.219999,27.530001,25.85,26.02,26.02,1612500,1.0479258960934354
2020-09-22,26.76,26.922001,25.860001,26.790001,26.790001,1897000,1.1120797426317974
2020-09-21,24.370001,26.959999,24.290001,26.809999,26.809999,2977900,1.0987704508196723
2020-09-18,24.059999,25.049999,23.76,24.83,24.83,3685400,1.012229881278847
2020-09-17,23.83,24.620001,23.5,24.09,24.09,1126700,0.9828641370869032
2020-09-16,24.51,25.08,24.16,24.4,24.4,1066200,1.0166666666666666
2020-09-15,24.549999,24.959999,23.82,24.530001,24.530001,1559100,1.048290641025641
2020-09-14,24.299999,24.77,23.84,24.51,24.51,1747700,1.0302647738434312
2020-09-11,23.58,24.370001,23.549999,24.0,24.0,2099400,1.0079798827375002
2020-09-10,23.860001,24.110001,23.0,23.4,23.4,3270700,0.9304174950298211
2020-09-09,24.209999,24.709999,23.700001,23.790001,23.790001,2450600,0.9160570626129019
2020-09-08,24.25,24.99,23.610001,23.809999,23.809999,2627600,0.6804800697067694
2020-09-04,26.0,26.360001,23.1,25.15,25.15,7157700,0.686220972102539
2020-09-03,27.0,27.450001,24.6,25.969999,25.969999,14339600,0.794918903882394
2020-09-02,37.0,37.240002,33.360001,34.990002,34.990002,5942300,1.1397394417022981
2020-09-01,34.0,36.84,33.82,36.650002,36.650002,4236300,1.2095710630221472
2020-08-31,30.92,32.91,30.870001,32.669998,32.669998,2633500,1.0799999338842976
2020-08-28,30.469999,31.200001,30.469999,30.700001,30.700001,917800,1.0608154782026442
2020-08-27,30.27,30.469999,29.65,30.299999,30.299999,951400,1.0676532793394389
2020-08-26,29.34,31.0,29.32,30.25,30.25,1944400,1.0416666307966036
2020-08-25,28.200001,29.209999,27.809999,28.940001,28.940001,782100,0.9711410057429868
2020-08-24,29.27,29.27,28.01,28.379999,28.379999,825700,0.982346832203075
2020-08-21,29.629999,30.360001,28.85,29.040001,29.040001,1257600,1.0048443252595156
2020-08-20,28.700001,30.190001,28.261999,29.799999,29.799999,958800,1.0325709621423782
2020-08-19,28.940001,29.33,28.190001,28.889999,28.889999,822700,0.9900616518163126
2020-08-18,29.08,29.34,28.68,28.9,28.9,653600,0.9796610169491525
2020-08-17,29.280001,29.59,28.52,28.860001,28.860001,679700,1.0003466551126516
2020-08-14,29.67,29.809999,28.709999,29.18,29.18,512900,1.0167247032500104
2020-08-13,28.799999,29.889999,28.790001,29.5,29.5,1167100,1.0401974245346466
2020-08-12,28.84,29.719999,28.700001,28.85,28.85,1115300,0.966499162479062
2020-08-11,28.1,28.879999,27.245001,28.700001,28.700001,1086300,0.9082278797468354
2020-08-10,30.0,30.18,26.98,28.360001,28.360001,1331100,0.863581029232643
2020-08-07,31.5,32.0,29.379999,29.85,29.85,1410900,0.9641473179634147
2020-08-06,33.0,33.087002,31.290001,31.6,31.6,900100,1.0289808215233092
2020-08-05,31.08,32.942001,30.504999,32.84,32.84,1445700,1.0774278215223099
2020-08-04,30.77,31.09,30.27,30.959999,30.959999,814400,1.0351052825142093
2020-08-03,30.540001,30.950001,30.040001,30.709999,30.709999,1145700,1.0257180352131585
2020-07-31,29.32,30.48,29.32,30.48,30.48,875600,1.0816181689141235
2020-07-30,29.32,30.48,29.040001,29.91,29.91,1635600,1.0674518201284797
2020-07-29,28.48,29.959999,28.395,29.940001,29.940001,1934400,1.1068392645781613
2020-07-28,27.870001,28.76,27.5,28.18,28.18,1988900,1.0284671532846716
2020-07-27,27.139999,28.219999,26.715,28.02,28.02,1753300,1.012649078424286
2020-07-24,26.83,27.200001,26.459999,27.049999,27.049999,1529700,0.9829214752906977
2020-07-23,27.700001,27.92,26.958,27.4,27.4,1349100,1.0155670867309117
2020-07-22,27.58,27.790001,27.16,27.67,27.67,917900,1.0741459627329193
2020-07-21,27.360001,27.886,26.74,27.52,27.52,1500200,1.0877470785670782
2020-07-20,26.139999,27.190001,26.129999,26.98,26.98,2072000,1.0453313074518136
2020-07-17,25.389999,25.940001,25.09,25.76,25.76,1092900,1.0141732283464568
2020-07-16,25.299999,25.49,24.389999,25.299999,25.299999,1328700,0.9855862485391507
2020-07-15,25.66,25.969999,24.959999,25.809999,25.809999,1074900,0.9145995717434292
2020-07-14,25.360001,25.76,24.360001,25.4,25.4,1889000,0.8444148936170213
2020-07-13,28.4,28.700001,25.65,25.67,25.67,2281300,0.8539587775768057
2020-07-10,30.01,30.18,28.110001,28.219999,28.219999,1727000,0.9488903496973774
2020-07-09,30.35,30.5,29.02,30.08,30.08,2376700,1.0131357018142235
2020-07-08,29.84,30.125,29.129999,30.059999,30.059999,1044100,1.0016660779740088
2020-07-07,29.799999,30.24,29.42,29.74,29.74,1077500,0.9979866106706916
2020-07-06,30.280001,30.620001,29.5,29.690001,29.690001,2424300,1.0373864417405156
2020-07-02,30.209999,30.739,29.91,30.01,30.01,1633900,1.0717857142857143
2020-07-01,28.620001,30.219999,28.5,29.799999,29.799999,1714500,1.0237031252592537
2020-06-30,28.190001,28.860001,27.889999,28.620001,28.620001,1287000,0.9886010366631766
2020-06-29,29.049999,29.049999,27.5,28.0,28.0,1739500,0.9702009365834741
2020-06-26,29.01,30.309999,28.879999,29.110001,29.110001,4589900,0.9904730177091874
2020-06-25,29.059999,29.52,28.309999,28.950001,28.950001,1637400,0.939020467077522
2020-06-24,29.0,30.004999,28.32,28.860001,28.860001,2132100,0.9437541203400917
2020-06-23,31.0,31.32,28.780001,29.389999,29.389999,5139300,0.9480644838709678
2020-06-22,30.27,31.280001,29.23,30.83,30.83,4209100,1.070486148280769
2020-06-19,32.689999,32.689999,30.139999,30.58,30.58,2086100,1.0465434991972449
2020-06-18,28.93,31.0,28.82,31.0,31.0,2129300,1.1443337024732374
2020-06-17,29.299999,29.49,28.17,28.799999,28.799999,2211000,1.162696770286637
2020-06-16,27.549999,29.23,27.15,29.219999,29.219999,2158000,1.199999958932238
2020-06-15,24.52,27.129999,24.4,27.09,27.09,2012700,1.0234227813911136
2020-06-12,24.959999,25.57,23.940001,24.77,24.77,1294000,0.9266741488963711
2020-06-11,25.700001,25.75,23.91,24.35,24.35,1509600,0.8896601794059125
2020-06-10,26.93,27.450001,26.07,26.469999,26.469999,1534200,1.0076132089836316
2020-06-09,27.16,27.35,26.049999,26.73,26.73,2429700,0.9929420505200593
2020-06-08,26.32,27.49,25.805,27.370001,27.370001,3160700,0.9664548375706215
2020-06-05,25.309999,26.299999,23.59,26.27,26.27,4652900,0.9453040321948891
2020-06-04,27.889999,28.549999,25.82,26.92,26.92,3086500,0.9610853266690468
2020-06-03,28.25,28.74,27.83,28.32,28.32,2058000,1.0666667068424371
2020-06-02,28.41,28.65,27.059999,27.790001,27.790001,1474300,1.1129356072461196
2020-06-01,27.379999,29.062,27.0,28.01,28.01,2409600,1.134467349758309
2020-05-29,25.35,26.559999,25.129999,26.549999,26.549999,1378000,0.9973703231641502
2020-05-28,24.719999,25.73,24.5,24.969999,24.969999,1709000,0.8956240995561011
2020-05-27,26.5,26.51,23.469999,24.690001,24.690001,2302600,0.9243729660940833
2020-05-26,28.120001,28.59,25.85,26.620001,26.620001,1733800,1.0030143178969737
2020-05-22,26.950001,27.934999,26.440001,27.879999,27.879999,859200,1.0776960928606072
2020-05-21,26.690001,26.950001,26.0,26.709999,26.709999,1139800,1.0761482272360998
2020-05-20,26.370001,26.76,26.01,26.540001,26.540001,596600,1.031881883043619
2020-05-19,24.799999,26.15,24.66,25.870001,25.870001,681300,1.0237436090225565
2020-05-18,26.65,26.65,24.6,24.82,24.82,805900,1.02689284236657
2020-05-15,25.15,25.799999,24.5,25.719999,25.719999,1105000,1.0350100201207244
2020-05-14,23.709999,25.620001,23.530001,25.27,25.27,890200,1.0144520272982738
2020-05-13,24.99,25.15,22.959999,24.17,24.17,1050200,0.9837199837199838
2020-05-12,25.059999,26.030001,24.27,24.85,24.85,647000,1.0315483603154836
2020-05-11,24.4,25.16,24.1,24.91,24.91,844200,1.127659574468085
2020-05-08,24.5,24.700001,23.5,24.57,24.57,1063500,1.1535211809164874
2020-05-07,22.51,24.267,22.51,24.09,24.09,973600,1.1581731326044775
2020-05-06,21.49,22.5,21.41,22.09,22.09,939000,1.0656054027978774
2020-05-05,21.18,21.68,21.030001,21.299999,21.299999,669400,1.0090003785409578
2020-05-04,20.469999,21.16,20.129999,20.799999,20.799999,669400,0.9674418139534884
2020-05-01,20.32,21.639999,20.0,20.73,20.73,632400,0.9736965254252454
2020-04-30,21.25,21.68,20.58,21.110001,21.110001,1013100,0.9526173736462094
2020-04-29,21.610001,21.98,21.379999,21.5,21.5,755700,1.0018639795835964
2020-04-28,22.459999,22.815001,20.75,21.290001,21.290001,618800,0.9925407928885411
2020-04-27,21.73,22.5,21.73,22.16,22.16,540800,1.0507349454717876
2020-04-24,21.5,21.74,20.91,21.459999,21.459999,415300,1.0156176060396405
2020-04-23,21.059999,22.1,21.049999,21.450001,21.450001,802700,0.9921369106319654
2020-04-22,21.51,21.809999,20.65,21.09,21.09,931500,1.0086083213773314
2020-04-21,21.02,21.780001,20.459999,21.129999,21.129999,968500,1.0715010178245952
2020-04-20,20.52,22.09,20.139999,21.620001,21.620001,1154900,1.1150078450236123
2020-04-17,20.0,20.940001,19.83,20.91,20.91,1042100,1.0890624432779978
2020-04-16,19.43,19.799999,19.120001,19.719999,19.719999,956400,1.0313806468943179
2020-04-15,18.469999,19.559999,18.219999,19.389999,19.389999,1215400,1.0543773819672313
2020-04-14,19.43,19.48,18.68,19.200001,19.200001,1840200,1.0590183154450257
2020-04-13,18.389999,19.16,18.1,19.120001,19.120001,1227200,1.1497295339584805
2020-04-09,18.290001,19.27,18.07,18.389999,18.389999,1835000,1.0654692352259558
2020-04-08,16.950001,18.25,16.709999,18.129999,18.129999,2663800,1.1998675711449374
2020-04-07,18.0,18.0,15.93,16.629999,16.629999,1734300,1.0465701069855256
2020-04-06,15.85,17.43,15.6,17.26,17.26,2547100,1.0760597832880434
2020-04-03,15.84,15.84,14.7,15.11,15.11,2571900,0.874421245693215
2020-04-02,16.110001,16.15,15.0,15.89,15.89,2582600,0.9330592523159571
2020-04-01,16.74,17.15,15.65,16.040001,16.040001,2148300,0.9840492014754112
2020-03-31,16.950001,17.73,16.82,17.280001,17.280001,1158500,0.9391304891304347
2020-03-30,16.18,17.18,16.0,17.030001,17.030001,1297500,0.9280654495912805
2020-03-27,17.83,17.83,15.71,16.299999,16.299999,1650000,0.904048701938508
2020-03-26,18.57,19.209999,17.9,18.4,18.4,1887200,1.0342888682243467
2020-03-25,18.07,18.9,17.99,18.35,18.35,2741200,0.9622443628736236
2020-03-24,18.75,19.139999,17.74,18.030001,18.030001,1592200,0.9782963103635377
2020-03-23,17.16,18.790001,16.6,17.790001,17.790001,4163000,1.1923593163538875
2020-03-20,18.83,19.57,17.934,19.07,19.07,2661600,1.2764390896921018
2020-03-19,14.47,18.84,14.47,18.43,18.43,2433600,1.4320124320124321
2020-03-18,13.86,15.73,13.55,14.92,14.92,1139700,0.9557975656630365
2020-03-17,13.14,14.94,12.33,14.94,14.94,1148900,0.9473684210526315
2020-03-16,13.12,14.34,12.63,12.87,12.87,1144500,0.711049723756906
2020-03-13,16.370001,16.764999,13.75,15.61,15.61,1183200,0.8100674623767514
2020-03-12,16.67,17.690001,15.23,15.77,15.77,1128500,0.8683920704845814
2020-03-11,18.700001,18.85,17.965,18.1,18.1,918100,0.923940786115365
2020-03-10,18.73,19.280001,17.889999,19.27,19.27,1229500,0.9737240538795323
2020-03-09,18.5,18.76,17.58,18.16,18.16,1016400,0.8772946436089544
2020-03-06,19.26,19.969999,18.940001,19.59,19.59,1148200,0.9785214785214785
2020-03-05,20.219999,20.6,19.280001,19.790001,19.790001,904000,0.9482510805821237
2020-03-04,20.48,21.02,19.620001,20.700001,20.700001,774300,1.0048544174757281
2020-03-03,21.01,21.629999,19.18,20.02,20.02,1035100,1.0769230769230769
2020-03-02,20.99,21.25,20.040001,20.870001,20.870001,1336800,1.0702564615384615
2020-02-28,18.02,20.940001,18.01,20.6,20.6,1830900,1.039354187689203
2020-02-27,19.110001,19.308001,17.975,18.59,18.59,1142300,0.9024271844660193
2020-02-26,19.85,20.315001,19.389999,19.5,19.5,771700,0.9268060396004734
2020-02-25,20.780001,21.0,19.57,19.82,19.82,954900,0.9305164756111022
2020-02-24,20.16,20.84,19.15,20.6,20.6,1952400,0.9367894497498864
2020-02-21,21.16,21.330999,20.628,21.040001,21.040001,1169500,0.9713758541089565
2020-02-20,22.16,22.530001,21.17,21.299999,21.299999,1075300,1.0
2020-02-19,21.75,22.76,21.719999,21.99,21.99,1091400,1.0436639772187943
2020-02-18,21.299999,21.73,21.183001,21.66,21.66,594200,0.9823129697194091
2020-02-14,21.1,21.879999,20.959999,21.299999,21.299999,608300,0.9525938303848913
2020-02-13,21.889999,22.110001,21.01,21.07,21.07,869600,0.9204893368496871
2020-02-12,22.1,22.309999,21.379999,22.049999,22.049999,2067100,0.9799999555555555
2020-02-11,23.129999,23.129999,22.15,22.360001,22.360001,445200,0.976845870548094
2020-02-10,22.469999,23.118999,21.860001,22.889999,22.889999,827500,0.9991269751200349
2020-02-07,22.9,23.059999,22.290001,22.5,22.5,1039800,0.9347735770668882
2020-02-06,22.9,23.200001,22.42,22.889999,22.889999,917800,0.9748721890971039
2020-02-05,24.360001,24.360001,22.709999,22.91,22.91,482900,0.9824185248713551
2020-02-04,23.76,24.65,23.360001,24.07,24.07,427400,0.9780576603796156
2020-02-03,23.389999,23.655001,22.98,23.48,23.48,350200,0.964271047227926
2020-01-31,24.5,24.639999,23.030001,23.32,23.32,680700,0.9856297548605241
2020-01-30,24.129999,24.65,23.895,24.610001,24.610001,302500,1.0653680086580086
2020-01-29,23.85,24.625999,23.709999,24.35,24.35,561000,1.026559908370991
2020-01-28,23.219999,23.83,23.014999,23.66,23.66,418200,0.9793046357615894
2020-01-27,23.200001,23.33,22.950001,23.1,23.1,518800,0.9101655204950954
2020-01-24,24.719999,24.719999,23.34,23.719999,23.719999,754800,0.9579967285945072
2020-01-23,25.0,25.200001,24.08,24.16,24.16,943500,0.9575901704320253
2020-01-22,24.76,25.790001,24.75,25.379999,25.379999,519200,1.0003940874893935
2020-01-21,25.309999,25.51,24.73,24.76,24.76,559100,1.013923013923014
2020-01-17,25.5,25.879999,25.209999,25.23,25.23,517500,1.0210441530167607
2020-01-16,24.620001,25.48,24.530001,25.370001,25.370001,496500,1.0180578250401282
2020-01-15,24.690001,25.139999,24.325001,24.42,24.42,531600,1.008674143274438
2020-01-14,25.26,25.26,24.469999,24.709999,24.709999,302700,1.0024340365111561
2020-01-13,24.1,25.25,24.0,24.92,24.92,640000,0.9861495844875348
2020-01-10,24.809999,25.0,24.17,24.209999,24.209999,474700,0.9793689312042447
2020-01-09,25.49,25.49,24.17,24.65,24.65,850500,1.0004058847567323
2020-01-08,24.32,25.42,24.049999,25.27,25.27,1134800,1.036505374754117
2020-01-07,24.77,25.23,24.09,24.719999,24.719999,658300,1.0156121199671324
2020-01-06,24.120001,24.889999,24.01,24.639999,24.639999,565900,1.0534416440120413
2020-01-03,24.09,24.459,23.66,24.379999,24.379999,602700,1.0387729032285002
2020-01-02,23.690001,24.4,23.690001,24.34,24.34,553700,1.044187088982715
2019-12-31,23.42,23.700001,23.18,23.389999,23.389999,585000,0.9749895373072114
2019-12-30,23.26,23.639999,22.75,23.469999,23.469999,649200,0.9873790071518722
2019-12-27,23.940001,24.040001,23.18,23.309999,23.309999,703100,0.984790832277144
2019-12-26,23.93,24.42,23.84,23.99,23.99,426000,0.9732251521298174
2019-12-24,23.66,24.1,23.52,23.77,23.77,315600,0.966260162601626
2019-12-23,24.65,24.68,23.530001,23.67,23.67,1003800,0.9536663980660758
2019-12-20,24.6,25.1,23.91,24.65,24.65,3613800,1.016914191419142
2019-12-19,24.629999,25.219999,24.5,24.6,24.6,898300,1.0663198959687907
2019-12-18,24.4,25.440001,24.254999,24.82,24.82,1270700,1.0749242096145517
2019-12-17,24.299999,24.379999,23.25,24.24,24.24,2178900,1.0909091400049116
2019-12-16,23.190001,23.360001,22.92,23.07,23.07,1098400,1.0312918627048788
2019-12-13,22.23,23.450001,22.209999,23.09,23.09,1071000,1.0244010193255981
2019-12-12,22.33,22.65,21.91,22.219999,22.219999,1177200,0.9487616994022203
2019-12-11,22.25,22.83,22.07,22.370001,22.370001,1258400,1.025676388155726
2019-12-10,22.77,23.0,22.219999,22.540001,22.540001,2351800,0.9019608243297319
2019-12-09,21.82,23.530001,21.82,23.42,23.42,1661900,0.9130604288499027
2019-12-06,20.530001,22.75,20.530001,21.809999,21.809999,5167400,0.8532863792365564
2019-12-05,25.709999,26.07,24.459999,24.99,24.99,1406500,1.024600288011492
2019-12-04,25.450001,26.23,25.139999,25.65,25.65,821800,0.9846449514259098
2019-12-03,23.57,25.639999,22.91,25.559999,25.559999,1286600,0.9804372458764864
2019-12-02,26.15,26.15,24.299999,24.389999,24.389999,1014100,0.9141678785607197
2019-11-29,25.84,26.370001,25.780001,26.049999,26.049999,237400,0.9912480216420083
2019-11-27,26.1,26.426001,24.610001,26.07,26.07,1149100,0.9698661075098998
2019-11-26,26.02,26.99,25.75,26.68,26.68,828500,1.0121395670660256
2019-11-25,27.1,27.450001,26.1,26.280001,26.280001,729500,1.0099923520368947
2019-11-22,26.709999,27.32,26.450001,26.879999,26.879999,755700,1.0645544158415843
2019-11-21,26.780001,27.84,26.049999,26.360001,26.360001,1377800,1.0883568161997033
2019-11-20,25.35,26.24,24.950001,26.02,26.02,1638300,1.1062925170068028
2019-11-19,24.32,25.35,23.950001,25.25,25.25,1183800,1.1307657859381999
2019-11-18,23.389999,25.0,23.049999,24.219999,24.219999,1111700,1.0984127028758597
2019-11-15,22.58,23.825001,22.33,23.52,23.52,609800,1.030674846625767
2019-11-14,22.030001,22.639999,21.959999,22.33,22.33,418500,1.0008965038501345
2019-11-13,22.68,22.805,21.959999,22.049999,22.049999,469300,0.9870187555953447
2019-11-12,22.370001,22.986,22.360001,22.82,22.82,516600,1.0201161814878776
2019-11-11,22.16,22.610001,21.799999,22.309999,22.309999,428000,0.9413501290569566
2019-11-08,22.379999,22.66,21.719999,22.34,22.34,618900,0.9621016779544219
2019-11-07,23.790001,23.809999,22.129999,22.370001,22.370001,742300,0.9519149361702127
2019-11-06,23.219999,23.959999,22.780001,23.700001,23.700001,604300,1.0322300536685565
2019-11-05,23.57,23.9,22.92,23.219999,23.219999,567700,1.0100043062200958
2019-11-04,23.059999,23.629999,23.030001,23.5,23.5,490600,1.0270979469885466
2019-11-01,23.0,23.690001,22.709999,22.959999,22.959999,476500,1.0195381438721136
2019-10-31,22.82,23.6,22.26,22.99,22.99,490300,0.9812206572769953
2019-10-30,22.559999,23.23,21.799999,22.879999,22.879999,982000,0.9266908899679673
2019-10-29,23.65,23.9,22.389999,22.52,22.52,808800,0.9147034559421829
2019-10-28,24.83,24.899,23.389999,23.43,23.43,843200,0.9919559275209175
2019-10-25,24.700001,25.190001,23.860001,24.690001,24.690001,663100,1.0168863254989158
2019-10-24,23.9,25.799999,23.82,24.620001,24.620001,1009600,0.9879615168539324
2019-10-23,24.0,24.66,23.48,23.620001,23.620001,1215200,0.9280943053793985
2019-10-22,24.98,25.09,24.1,24.280001,24.280001,1136200,0.9158808374198415
2019-10-21,25.290001,25.620001,23.77,24.92,24.92,1047600,0.9205762837089029
2019-10-18,26.200001,26.280001,24.77,25.450001,25.450001,1080000,0.9278162960262486
2019-10-17,26.67,26.92,26.01,26.51,26.51,844900,1.0022683931089456
2019-10-16,26.83,27.469999,26.73,27.07,27.07,1116600,1.0375622844001533
2019-10-15,26.9,27.67,26.110001,27.43,27.43,1415700,1.055
2019-10-14,26.09,26.610001,25.65,26.450001,26.450001,743000,0.9969845459108728
2019-10-11,26.110001,26.92,25.99,26.09,26.09,814200,0.9886320950599505
2019-10-10,26.469999,26.691,25.209999,26.0,26.0,2110600,0.9723261032161556
2019-10-09,26.57,26.950001,25.917,26.530001,26.530001,1962000,0.9577617343768327
2019-10-08,26.0,26.450001,24.799999,26.389999,26.389999,5957500,0.9452005372492835
2019-10-07,27.49,27.620001,26.649,26.74,26.74,801000,0.9812844036697247
2019-10-04,27.799999,28.110001,27.4,27.700001,27.700001,280500,0.9805310088495576
2019-10-03,27.5,28.16,26.690001,27.92,27.92,1337400,0.9883185840707965
2019-10-02,27.77,28.139999,27.25,27.25,27.25,439000,0.964943342776204
2019-10-01,28.200001,29.209999,27.809999,28.25,28.25,326100,0.9644929680951531
2019-09-30,28.26,28.870001,27.700001,28.25,28.25,454000,1.0035523978685614
2019-09-27,29.99,30.0,27.889999,28.24,28.24,487300,0.9737931034482759
2019-09-26,27.860001,29.870001,27.860001,29.290001,29.290001,905200,0.9216488382111757
2019-09-25,28.809999,29.02,27.709999,28.15,28.15,755000,0.946218487394958
2019-09-24,31.440001,31.780001,28.049999,29.0,29.0,1144400,0.9904371246435408
2019-09-23,29.42,31.85,28.68,31.780001,31.780001,789800,1.0440210235209912
2019-09-20,29.809999,30.360001,29.15,29.75,29.75,665400,0.9712700284449894
2019-09-19,30.309999,30.639999,28.85,29.280001,29.280001,353800,0.954056697489192
2019-09-18,30.629999,31.09,30.059999,30.440001,30.440001,349300,1.0163606004554055
2019-09-17,30.75,31.32,30.219999,30.629999,30.629999,273400,0.9770334609250398
2019-09-16,29.43,31.309999,29.290001,30.690001,30.690001,371800,0.9752145527554671
2019-09-13,31.9,32.099998,29.73,29.950001,29.950001,567500,1.0910746779207767
2019-09-12,31.35,32.540001,30.469999,31.35,31.35,745900,1.1097345132743364
2019-09-11,27.5,31.5,27.48,31.469999,31.469999,1589600,0.9692022799752916
2019-09-10,28.42,29.254999,26.98,27.450001,27.450001,1704600,0.7500000683060147
2019-09-09,32.700001,33.110001,27.82,28.25,28.25,2372800,0.7426393075015956
2019-09-06,33.950001,34.889999,31.889999,32.470001,32.470001,3206000,0.8642534202821401
2019-09-05,38.560001,38.849998,36.279999,36.599998,36.599998,1372300,0.9320091163738221
2019-09-04,37.540001,38.705002,37.509998,38.040001,38.040001,692800,0.990367117938037
2019-09-03,38.650002,39.584999,37.389999,37.57,37.57,1712300,1.0450625578563961
2019-08-30,39.0,39.560001,38.110001,39.27,39.27,1386600,1.1055743243243243
2019-08-29,36.369999,38.970001,36.299999,38.41,38.41,766500,1.0789326448838563
2019-08-28,35.5,36.099998,35.060001,35.950001,35.950001,291700,1.0312679279613333
2019-08-27,35.759998,36.384998,35.200001,35.52,35.52,310500,0.9916247906197656
2019-08-26,35.040001,35.990002,34.912998,35.599998,35.599998,368600,1.0162717389743574
2019-08-23,35.68,35.950001,34.720001,34.860001,34.860001,243800,1.0104348115942028
2019-08-22,35.189999,35.959999,34.509998,35.82,35.82,435200,1.011293111874258
2019-08-21,34.580002,36.43,34.5,35.029999,35.029999,310100,1.0100922433679353
2019-08-20,35.139999,35.259998,33.849998,34.5,34.5,604600,1.0222222222222221
2019-08-19,35.0,35.880001,33.279999,35.419998,35.419998,604300,0.9907691748251748
2019-08-16,33.959999,36.599998,33.880001,34.68,34.68,747800,0.9580110232593639
2019-08-15,35.810001,35.810001,33.25,33.75,33.75,1025800,0.9231400185136757
2019-08-14,36.48,37.209999,34.849998,35.75,35.75,567000,0.9507979229147832
2019-08-13,36.02,36.84,34.75,36.200001,36.200001,648900,0.9034190416770651
2019-08-12,37.419998,37.439999,36.169998,36.560001,36.560001,367900,0.9725991221069432
2019-08-09,39.990002,40.560001,37.049999,37.599998,37.599998,428000,1.0189700802726243
2019-08-08,38.040001,40.110001,38.040001,40.07,40.07,795700,1.065408107806219
2019-08-07,36.290001,37.849998,35.900002,37.59,37.59,200900,0.95333502409333
2019-08-06,38.759998,39.189999,36.349998,36.900002,36.900002,669100,0.8848921130721316
2019-08-05,38.099998,39.314999,36.310001,37.610001,37.610001,824600,0.850904980748756
2019-08-02,41.57,41.57,39.299999,39.43,39.43,613900,0.8770017988656983
2019-08-01,43.900002,44.18,41.174,41.700001,41.700001,496800,0.946651576541466
2019-07-31,44.77,45.060001,43.009998,44.200001,44.200001,474300,0.9676007224168126
2019-07-30,43.360001,45.117001,42.720001,44.959999,44.959999,295900,1.033563195402299
2019-07-29,45.669998,45.68,43.18,44.049999,44.049999,490300,0.9801958162037342
2019-07-26,43.73,45.990002,43.34,45.68,45.68,419800,1.0346545397664988
2019-07-25,44.66,44.93,43.220001,43.5,43.5,440400,0.9324758442668448
2019-07-24,44.599998,45.43,43.07,44.939999,44.939999,642100,0.9708359911247356
2019-07-23,46.799999,47.189999,43.700001,44.150002,44.150002,1252500,0.9830773101759075
2019-07-22,46.580002,48.73,46.049999,46.650002,46.650002,576000,0.9781925556341488
2019-07-19,45.18,47.549999,45.049999,46.290001,46.290001,735400,0.9536464780872171
2019-07-18,47.599998,47.610001,44.91,44.91,44.91,660600,0.9045316856180589
2019-07-17,48.5,48.880001,46.68,47.689999,47.689999,605400,0.9816796425821472
2019-07-16,49.560001,49.689999,47.919998,48.540001,48.540001,400400,0.9825910735793086
2019-07-15,49.439999,50.360001,49.007999,49.650002,49.650002,598300,0.9827791369754553
2019-07-12,49.040001,49.040001,47.25,48.580002,48.580002,816600,0.9774648093065431
2019-07-11,50.66,50.759998,48.299999,49.400002,49.400002,621800,1.0360738674496643
2019-07-10,50.790001,51.880001,48.990002,50.52,50.52,574600,1.0593416032573204
2019-07-09,47.5,49.700001,47.325001,49.700001,49.700001,476300,1.0567723167504215
2019-07-08,47.619999,47.93,46.540001,47.68,47.68,579900,1.0306961102765286
2019-07-05,46.830002,47.810001,46.5,47.689999,47.689999,350300,1.0349391694904875
2019-07-03,46.720001,47.950001,46.310001,47.029999,47.029999,321600,0.9995749202885211
2019-07-02,45.830002,46.540001,44.5,46.259998,46.259998,660700,0.9681875045665029
2019-07-01,48.0,48.735001,44.703999,46.080002,46.080002,842200,0.991394191049914
2019-06-28,48.119999,48.799999,45.91,47.049999,47.049999,1217800,0.9901094065656565
2019-06-27,46.529999,48.43,45.291,47.779999,47.779999,1103400,0.9695616876940277
2019-06-26,48.0,49.759998,46.060001,46.48,46.48,913200,0.8702490170380078
2019-06-25,49.310001,50.199001,47.139999,47.52,47.52,693600,0.8834355663982978
2019-06-24,53.509998,53.560001,47.560001,49.279999,49.279999,988800,0.9065488979663558
2019-06-21,53.459999,54.75,52.755001,53.41,53.41,908600,0.980899890157945
2019-06-20,54.34,54.689999,52.990002,53.790001,53.790001,456600,0.973222381038538
2019-06-19,54.41,54.867001,52.541,54.360001,54.360001,409200,0.9475335880692625
2019-06-18,55.59,57.27,54.02,54.450001,54.450001,405200,1.0064695566162498
2019-06-17,58.099998,59.82,54.02,55.27,55.27,568400,0.9992767854045058
2019-06-14,54.459999,57.369999,53.18,57.369999,57.369999,414300,1.1419187244459108
2019-06-13,56.110001,56.669998,53.43,54.099998,54.099998,461600,1.085255770722398
2019-06-12,50.0,55.669998,50.0,55.310001,55.310001,661500,1.131083818769578
2019-06-11,50.299999,50.66,49.009998,50.240002,50.240002,365800,1.0563498936848215
2019-06-10,51.169998,52.950001,49.009998,49.849998,49.849998,714100,1.0477090354052527
2019-06-07,50.0,55.290001,46.0,48.900002,48.900002,2195000,1.094939587998209
2019-06-06,47.07,48.18,44.549999,47.560001,47.560001,1017700,1.0292144996583963
2019-06-05,45.546001,48.880001,44.709999,47.580002,47.580002,582600,0.9256809367439324
2019-06-04,47.459999,48.02,43.77,44.66,44.66,861000,0.8619957370778665
2019-06-03,51.040001,51.349998,45.150002,46.209999,46.209999,698600,0.890366035053332
2019-05-31,51.220001,51.919998,49.990002,51.400002,51.400002,234400,0.9794207698170733
2019-05-30,52.080002,53.990002,51.490002,51.810001,51.810001,187700,0.9736891932661002
2019-05-29,51.77,52.0,49.5,51.900002,51.900002,282100,0.9984609849942286
2019-05-28,53.209999,54.0,52.279999,52.48,52.48,122400,0.9720318217435887
2019-05-24,52.470001,53.900002,52.169998,53.209999,53.209999,131800,0.9697466734052611
2019-05-23,53.497002,54.110001,50.620998,51.98,51.98,339400,0.9440610071910459
2019-05-22,54.669998,55.222,53.865002,53.990002,53.990002,137500,0.9872006397367094
2019-05-21,55.790001,56.985001,53.900002,54.869999,54.869999,339700,0.9861610349777324
2019-05-20,54.509998,58.630001,53.831001,55.060001,55.060001,428100,1.030121608416808
2019-05-17,55.0,56.630001,53.75,54.689999,54.689999,298900,1.039931526906256
2019-05-16,53.68,58.959999,53.5,55.639999,55.639999,641700,1.1251769034342387
2019-05-15,52.275002,53.98,51.650002,53.450001,53.450001,263700,1.0314550559629487
2019-05-14,50.310001,54.57,50.009998,52.59,52.59,437900,1.068251066422913
2019-05-13,50.98,51.549999,48.119999,49.450001,49.450001,542900,1.0075386916243403
2019-05-10,49.450001,52.130001,48.18,51.82,51.82,378800,1.0566883960707913
2019-05-09,48.959999,49.811001,47.5,49.23,49.23,189600,1.0038743677839648
2019-05-08,49.490002,50.421001,49.080002,49.080002,49.080002,270600,1.0577586182000596
2019-05-07,49.0,50.470001,48.080002,49.040001,49.040001,491800,1.0721468923416313
2019-05-06,44.799999,49.77,44.799999,49.040001,49.040001,546400,1.047415655702691
2019-05-03,46.119999,48.130001,46.060001,46.400002,46.400002,293300,0.9893390196443915
2019-05-02,46.290001,46.645,44.299999,45.740002,45.740002,517000,0.9836559569892472
2019-05-01,47.150002,48.400002,46.740002,46.82,46.82,518700,1.0837962712084197
2019-04-30,46.049999,48.429001,44.179001,46.900002,46.900002,755000,1.18734182278481
2019-04-29,43.849998,46.869999,43.599998,46.5,46.5,688400,1.1567163891364083
2019-04-26,39.549999,43.490002,39.549999,43.200001,43.200001,476900,1.0832497471602371
2019-04-25,40.400002,40.400002,39.0,39.5,39.5,381700,1.0027926124090534
2019-04-24,40.18,40.200001,39.349998,40.200001,40.200001,331600,1.0268198964587536
2019-04-23,39.400002,39.900002,39.0,39.880001,39.880001,289200,0.997000025
2019-04-22,39.150002,39.599998,38.139999,39.389999,39.389999,330400,1.0352168208992596
2019-04-18,40.439999,40.439999,38.110001,39.150002,39.150002,600800,0.999489507249911
2019-04-17,38.209999,41.950001,37.5,40.0,40.0,1143200,1.0126582278481013
2019-04-16,39.639999,39.700001,37.900002,38.049999,38.049999,727600,0.9947712156862745
2019-04-15,38.5,39.860001,36.25,39.169998,39.169998,961200,None
2019-04-12,39.119999,40.880001,37.398998,39.5,39.5,1504700,None
2019-04-11,36.75,39.610001,36.0,38.25,38.25,9287900,None
